threshold,situations_with_dyad,total_situations,pct_with_dyad,mean_dyads_per_sit,mean_dyad_score
0.3,6,6,100.00,1.000,0.5083333333333333
0.4,5,6,83.33,0.833,0.532
0.5,3,6,50.00,0.500,0.6
0.6,2,6,33.33,0.333,0.6499999999999999
